-----------------------------------------------------------------_DATA_ _USER_ENTITY_-------------------------------------------------------------------------------------------------------
-- PASSWORD OF USERS WITH USERNAME --
-----------------------------------------------------------------ROLES ADMIN ACCOUNTS-------------------------------------------------------------------------------------------------------
--marta - PASSWORD: M1n2345
--david - PASSWORD: D1a2345
-----------------------------------------------------------------ROLES USERS ACCOUNTS-------------------------------------------------------------------------------------------------------
--alejandro - PASSWORD: A1b2345
--laura - PASSWORD: L1u2345
--javier - PASSWORD: J1a2345
--carmen - PASSWORD: C1a2345
--sergio - PASSWORD: S1e2345
--ana - PASSWORD: A1n2345
--carlos - PASSWORD: C1a2345
--isabel - PASSWORD: I1s2345
-----------------------------------------------------------------DATA USERS ACCOUNTS-------------------------------------------------------------------------------------------------------

insert into USER_ENTITY (id, username, password, email, avatar, biography, phone, birthday, account_non_expired, account_non_locked, credentials_non_expired, roles, enabled, created_at) values ('7495ac21-9cef-4655-a816-29a1eee80841', 'alejandro', '{bcrypt}$2a$04$efWgsBDzfrh/ENc0Cj9oq.3dz5o/9/eKQ7HRtzifbUfZFVT8EGKBa', 'alejandro@gmail.com', 'alejandro.jpg', 'I am Alejandro, a software engineer passionate about coding and hiking in my free time.', '170304671', '2002-12-17', true, true, true, 'USER', true, '2021-11-22 00:09:05');
insert into USER_ENTITY (id, username, password, email, avatar, biography, phone, birthday, account_non_expired, account_non_locked, credentials_non_expired, roles, enabled, created_at) values ('681903b4-dc43-43c2-942c-86b81b15d1fc', 'marta', '{bcrypt}$2a$04$cwYlYwqcUivOr7ffGk/j9ewODh49pTI16MJlydcKiCvZMKf2lb4Mm', 'marta@gmail.com', 'marta.jpg', 'I am Marta, a marketing specialist who loves traveling and trying new foods from different cultures.', '406038371', '2000-07-17', true, true, true, 'USER, ADMIN', true, '2021-01-12 17:46:31');
insert into USER_ENTITY (id, username, password, email, avatar, biography, phone, birthday, account_non_expired, account_non_locked, credentials_non_expired, roles, enabled, created_at) values ('29c20744-5d02-47c1-ad04-b59362410dbc', 'david', '{bcrypt}$2a$04$a07iWZhB6PfwwiO/1Gy2kOoSDCpYxJKAIHNLk5ymEbXhWnaQwSaPW', 'david@gmail.com', 'david.jpg', 'I am David, a teacher passionate about history and who enjoys playing the guitar in my free time.', '203354039', '2000-02-25', true, true, true, 'USER, ADMIN', true, '2022-09-16 21:51:41');
insert into USER_ENTITY (id, username, password, email, avatar, biography, phone, birthday, account_non_expired, account_non_locked, credentials_non_expired, roles, enabled, created_at) values ('9678525b-3d9e-4fa2-b440-cdb163e557d6', 'laura', '{bcrypt}$2a$04$sNh8pCNnpwYC2Z26MBiuIObmPri1H5NsYFkMfv/2cCYC6R7Kq/sLe', 'laura@gmail.com', 'laura.jpg', 'I am Laura, a graphic designer who enjoys painting and practicing yoga in my free time.', '425831589', '2003-06-25', true, true, true, 'USER', true, '2022-11-20 12:27:24');
insert into USER_ENTITY (id, username, password, email, avatar, biography, phone, birthday, account_non_expired, account_non_locked, credentials_non_expired, roles, enabled, created_at) values ('bebcb117-95e9-49eb-9108-d058b5961525', 'javier', '{bcrypt}$2a$04$0evSMDipH4Qhk42kzpAXeeDg7wfKDZJ7I./sNtjVzthoe9Qu/48sG', 'javier@gmail.com', 'javier.jpg', 'I am Javier, a photographer who adores capturing the beauty of nature and traveling to new places.', '281248170', '2000-06-17', true, true, true, 'USER', true, '2020-05-11 11:33:29');
insert into USER_ENTITY (id, username, password, email, avatar, biography, phone, birthday, account_non_expired, account_non_locked, credentials_non_expired, roles, enabled, created_at) values ('bf499bac-ea4f-4fd8-9841-2435983b8b98', 'carmen', '{bcrypt}$2a$04$Egm2BylfxhmSYXtWBQhGHOCHYDwTqHl9w1MiXUG5y.08U3ShBtmmq', 'carmen@gmail.com', 'carmen.jpg', 'I am Carmen, a dedicated nurse who enjoys gardening in my free time while helping others.', '276517203', '1999-12-25', true, true, true, 'USER', true, '2020-06-09 23:57:00');
insert into USER_ENTITY (id, username, password, email, avatar, biography, phone, birthday, account_non_expired, account_non_locked, credentials_non_expired, roles, enabled, created_at) values ('fee98ab6-9a10-470e-ae9b-6c03b93e80e1', 'sergio', '{bcrypt}$2a$04$aqUUzyHhyoGjW.p9qbK/zum0hqjjPhXBvwA5IMxtH0POXRi7Zcq4y', 'sergio@gmail.com', 'sergio.jpg', 'I am Sergio, a sports enthusiast who enjoys playing soccer and watching basketball games.', '841272905', '2002-07-30', true, true, true, 'USER', true, '2020-05-21 13:13:03');
insert into USER_ENTITY (id, username, password, email, avatar, biography, phone, birthday, account_non_expired, account_non_locked, credentials_non_expired, roles, enabled, created_at) values ('d048cac6-339a-499d-88a8-7f7777908a20', 'ana', '{bcrypt}$2a$04$HN5om5j.I5ouMZu0lRRfwO3MDKNNKyQhCSgYmt7/hXXkYPitSsMhS', 'ana@gmail.com', 'ana.jpg', 'I am Ana, a student passionate about environmental conservation and a lover of hiking in the mountains.', '693477850', '2000-02-16', true, true, true, 'USER', true, '2021-08-30 12:01:44');
insert into USER_ENTITY (id, username, password, email, avatar, biography, phone, birthday, account_non_expired, account_non_locked, credentials_non_expired, roles, enabled, created_at) values ('6f6b355c-df3f-47c9-9c7c-65b75b249dfe', 'carlos', '{bcrypt}$2a$04$Gt5BRVufhluA.Llg1smuoOF6SsFoc.RswPY2Xk8O5FiLN85.VoasG', 'carlos@gmail.com', 'carlos.jpg', 'I am Carlos, a renowned chef known for my culinary skills and who enjoys experimenting with new recipes.', '728076227', '2002-03-01', true, true, true, 'USER', true, '2020-07-31 13:25:34');
insert into USER_ENTITY (id, username, password, email, avatar, biography, phone, birthday, account_non_expired, account_non_locked, credentials_non_expired, roles, enabled, created_at) values ('bcd98c0a-41d3-4c68-9bca-418bcbd95521', 'isabel', '{bcrypt}$2a$04$oqHJ.97l6BIjIQd1j55UtuRppI.QoMMslQ3D7/Qj7fk.XOAAsE7Pq', 'isabel@gmail.com', 'isabel.jpg', 'I am Isabel, a journalist passionate about storytelling and a mystery novel enthusiast.', '114938284', '1999-03-28', true, true, true, 'USER', true, '2022-10-03 11:37:46');


-----------------------------------------------------------------_DATA_ _POST_ENTITY_-------------------------------------------------------------------------------------------------------

insert into POST_ENTITY (id, tag, description, image, upload_date, user_id) values (1, 'pacheco', 'RCD ESPANYOL', 'PACHECO.jpg', '1998-07-15 09:13:37', '7495ac21-9cef-4655-a816-29a1eee80841');
insert into POST_ENTITY (id, tag, description, image, upload_date, user_id) values (2, 'oyarzabal', '¡REAL SOCIEDAD FINAL!', 'REAL_SOCIEDAD.jpg', '2007-06-29 13:54:57', '681903b4-dc43-43c2-942c-86b81b15d1fc');
insert into POST_ENTITY (id, tag, description, image, upload_date, user_id) values (3, 'CAMPANIA', '¡math day! ', 'LEVANTE_UD.jpg', '2002-09-17 23:57:48', '29c20744-5d02-47c1-ad04-b59362410dbc');
insert into POST_ENTITY (id, tag, description, image, upload_date, user_id) values (4, 'SPANYOL', '', 'SPANYOL.jpg', '1997-12-15 19:28:37', '9678525b-3d9e-4fa2-b440-cdb163e557d6');
insert into POST_ENTITY (id, tag, description, image, upload_date, user_id) values (5, 'CARTAGENA', '', 'CARTAGENA.jpg', '2022-11-15 17:46:15', 'bf499bac-ea4f-4fd8-9841-2435983b8b98');
insert into POST_ENTITY (id, tag, description, image, upload_date, user_id) values (6, 'POZO', '', 'POZO.jpg', '1998-06-27 07:58:24', '7495ac21-9cef-4655-a816-29a1eee80841');
insert into POST_ENTITY (id, tag, description, image, upload_date, user_id) values (7, 'ATH_BILBAO', '', 'ATH_BILBAO.jpg', '2013-12-05 17:05:07', 'fee98ab6-9a10-470e-ae9b-6c03b93e80e1');
insert into POST_ENTITY (id, tag, description, image, upload_date, user_id) values (8, 'REAL_SOCIEDAD', '', 'REAL_SOCIEDAD(1).jpg', '2000-08-27 07:19:42', 'bebcb117-95e9-49eb-9108-d058b5961525');
insert into POST_ENTITY (id, tag, description, image, upload_date, user_id) values (9, 'LEVANTE', '', 'LEVANTE.jpg', '2008-01-04 19:41:44', 'd048cac6-339a-499d-88a8-7f7777908a20');
insert into POST_ENTITY (id, tag, description, image, upload_date, user_id) values (10, 'AITOR', '', 'AITOR-CATALUNYA.jpg', '1997-07-01 20:20:35', '6f6b355c-df3f-47c9-9c7c-65b75b249dfe');
insert into POST_ENTITY (id, tag, description, image, upload_date, user_id) values (11, 'CAMPANIA', '', 'CAMPANIA.jpg', '2005-10-24 17:03:53', '9678525b-3d9e-4fa2-b440-cdb163e557d6');
insert into POST_ENTITY (id, tag, description, image, upload_date, user_id) values (12, 'neymar', '', 'neymar_psg.jpg', '2010-11-09 21:51:17', 'd048cac6-339a-499d-88a8-7f7777908a20');
insert into POST_ENTITY (id, tag, description, image, upload_date, user_id) values (13, 'mount', '', 'mount_chelsea.png', '2009-08-18 05:36:46', 'bcd98c0a-41d3-4c68-9bca-418bcbd95521');
insert into POST_ENTITY (id, tag, description, image, upload_date, user_id) values (14, 'lampard', '', 'tec_lampard.png', '2020-04-17 00:05:25', '7495ac21-9cef-4655-a816-29a1eee80841');
insert into POST_ENTITY (id, tag, description, image, upload_date, user_id) values (15, 'james', '', 'james_rodriguez.png', '2016-04-22 04:19:21', '29c20744-5d02-47c1-ad04-b59362410dbc');
insert into POST_ENTITY (id, tag, description, image, upload_date, user_id) values (16, 'frank', '', 'frank.png', '2019-12-25 01:14:41', 'bebcb117-95e9-49eb-9108-d058b5961525');
insert into POST_ENTITY (id, tag, description, image, upload_date, user_id) values (17, 'icardi', '', 'icardi.png', '2000-04-13 18:55:33', 'fee98ab6-9a10-470e-ae9b-6c03b93e80e1');
insert into POST_ENTITY (id, tag, description, image, upload_date, user_id) values (18, 'de_bruyne', '', 'de_bruyne.jpg', '2001-03-15 17:06:41', '9678525b-3d9e-4fa2-b440-cdb163e557d6');
insert into POST_ENTITY (id, tag, description, image, upload_date, user_id) values (19, 'kun', '', 'kun_aguero.jpg', '2016-04-10 20:51:25', 'bf499bac-ea4f-4fd8-9841-2435983b8b98');
insert into POST_ENTITY (id, tag, description, image, upload_date, user_id) values (20, 'halland', '', 'halland_dormuntd.jpg', '2011-08-16 19:44:14', 'bebcb117-95e9-49eb-9108-d058b5961525');
insert into POST_ENTITY (id, tag, description, image, upload_date, user_id) values (21, 'suarez', '', 'suarez.jpg', '2003-05-12 09:37:35', '6f6b355c-df3f-47c9-9c7c-65b75b249dfe');
insert into POST_ENTITY (id, tag, description, image, upload_date, user_id) values (22, 'joao', '', 'joao_felix.jpg', '2012-02-12 02:25:21', '681903b4-dc43-43c2-942c-86b81b15d1fc');
insert into POST_ENTITY (id, tag, description, image, upload_date, user_id) values (23, 'insigne', '', 'insigne.jpg', '2012-12-12 03:32:02', '7495ac21-9cef-4655-a816-29a1eee80841');
insert into POST_ENTITY (id, tag, description, image, upload_date, user_id) values (24, 'son', '', 'son.jpg', '2001-03-24 22:38:21', 'fee98ab6-9a10-470e-ae9b-6c03b93e80e1');
insert into POST_ENTITY (id, tag, description, image, upload_date, user_id) values (25, 'asension', '', 'asension.jpg', '1998-03-16 02:28:31', 'd048cac6-339a-499d-88a8-7f7777908a20');
insert into POST_ENTITY (id, tag, description, image, upload_date, user_id) values (26, 'lautaro', '', 'lautaro_porto.jpg', '2014-09-23 01:27:34', '6f6b355c-df3f-47c9-9c7c-65b75b249dfe');
insert into POST_ENTITY (id, tag, description, image, upload_date, user_id) values (27, 'kross', '', 'toni_kross.jpg', '2017-05-25 22:05:04', '9678525b-3d9e-4fa2-b440-cdb163e557d6');
insert into POST_ENTITY (id, tag, description, image, upload_date, user_id) values (28, 'kun', '', 'happy_aguero.jpg', '1996-08-09 15:17:58', '29c20744-5d02-47c1-ad04-b59362410dbc');
insert into POST_ENTITY (id, tag, description, image, upload_date, user_id) values (29, 'salah', '', 'salah.jpg', '2006-06-21 03:18:39', '681903b4-dc43-43c2-942c-86b81b15d1fc');
insert into POST_ENTITY (id, tag, description, image, upload_date, user_id) values (30, 'messi', '', 'leo_messi.jpg', '2012-06-21 18:50:26', 'bcd98c0a-41d3-4c68-9bca-418bcbd95521');
insert into POST_ENTITY (id, tag, description, image, upload_date, user_id) values (31, 'cr7', '', 'cr7.jpg', '2019-03-16 12:07:04', 'bf499bac-ea4f-4fd8-9841-2435983b8b98');
insert into POST_ENTITY (id, tag, description, image, upload_date, user_id) values (32, 'mount', '', 'chelsea.jpg', '2006-09-06 13:02:06', '6f6b355c-df3f-47c9-9c7c-65b75b249dfe');
insert into POST_ENTITY (id, tag, description, image, upload_date, user_id) values (33, 'lautaro', '', 'lautaro_inter.jpg', '2019-07-30 05:42:27', 'bcd98c0a-41d3-4c68-9bca-418bcbd95521');
insert into POST_ENTITY (id, tag, description, image, upload_date, user_id) values (34, 'amy', '', 'amy.jpg', '2000-11-13 08:59:19', 'bebcb117-95e9-49eb-9108-d058b5961525');
insert into POST_ENTITY (id, tag, description, image, upload_date, user_id) values (35, 'mhd', '', 'mhd.jpg', '2014-10-06 00:35:49', 'bf499bac-ea4f-4fd8-9841-2435983b8b98');
insert into POST_ENTITY (id, tag, description, image, upload_date, user_id) values (36, 'haverts', '', 'haverts.jpg', '2013-12-30 01:17:43', 'bebcb117-95e9-49eb-9108-d058b5961525');
insert into POST_ENTITY (id, tag, description, image, upload_date, user_id) values (37, 'abbie', '', 'abbie.jpg', '2013-06-05 23:12:51', 'd048cac6-339a-499d-88a8-7f7777908a20');
insert into POST_ENTITY (id, tag, description, image, upload_date, user_id) values (38, 'oyarzabal', '', 'real_oyarzabal.jpg', '2008-03-08 18:13:43', '29c20744-5d02-47c1-ad04-b59362410dbc');
insert into POST_ENTITY (id, tag, description, image, upload_date, user_id) values (39, 'pele', '', 'pele.jpg', '2001-08-27 16:59:41', 'fee98ab6-9a10-470e-ae9b-6c03b93e80e1');
insert into POST_ENTITY (id, tag, description, image, upload_date, user_id) values (40, 'van_dike', '', 'van_dike.jpg', '2012-01-24 14:23:10', '681903b4-dc43-43c2-942c-86b81b15d1fc');

-----------------------------------------------------------------_DATA_ _COMMENTARY_ENTITY_-------------------------------------------------------------------------------------------------------
--
INSERT INTO COMMENTARY_ENTITY (id, message, update_commentary, post_id, id_author, author, author_file) VALUES (41, 'Maecenas ut massa quis augue luctus tincidunt. Nulla mollis molestie lorem. Quisque ut erat.', CURRENT_TIMESTAMP, 17, CAST('7495ac21-9cef-4655-a816-29a1eee80841' AS VARCHAR(36)), 'alejandro', 'alejandro.jpg');
insert into COMMENTARY_ENTITY (id, message, update_commentary, post_id, id_author, author, author_file) values (42, 'Curabitur at ipsum ac tellus semper interdum. Mauris ullamcorper purus sit amet nulla. Quisque arcu libero, rutrum ac, lobortis vel, dapibus at, diam.', CURRENT_TIMESTAMP, 9, CAST('7495ac21-9cef-4655-a816-29a1eee80841' AS VARCHAR(36)), 'alejandro', 'alejandro.jpg');
insert into COMMENTARY_ENTITY (id, message, update_commentary, post_id, id_author, author, author_file) values (43, 'In sagittis dui vel nisl. Duis ac nibh. Fusce lacus purus, aliquet at, feugiat non, pretium quis, lectus.', CURRENT_TIMESTAMP, 21, CAST('7495ac21-9cef-4655-a816-29a1eee80841'AS VARCHAR(36)), 'alejandro', 'alejandro.jpg');
insert into COMMENTARY_ENTITY (id, message, update_commentary, post_id, id_author, author, author_file) values (44, 'Integer ac leo. Pellentesque ultrices mattis odio. Donec vitae nisi.', CURRENT_TIMESTAMP, 12, CAST('7495ac21-9cef-4655-a816-29a1eee80841' AS VARCHAR(36)), 'alejandro', 'alejandro.jpg');
insert into COMMENTARY_ENTITY (id, message, update_commentary, post_id, id_author, author, author_file) values (45, 'Proin eu mi. Nulla ac enim. In tempor, turpis nec euismod scelerisque, quam turpis adipiscing lorem, vitae mattis nibh ligula nec sem.', CURRENT_TIMESTAMP, 1, CAST('7495ac21-9cef-4655-a816-29a1eee80841' AS VARCHAR(36)), 'alejandro', 'alejandro.jpg');
insert into COMMENTARY_ENTITY (id, message, update_commentary, post_id, id_author, author, author_file) values (46, 'Etiam vel augue. Vestibulum rutrum rutrum neque. Aenean auctor gravida sem.', CURRENT_TIMESTAMP, 1, CAST('7495ac21-9cef-4655-a816-29a1eee80841' AS VARCHAR(36)), 'alejandro', 'alejandro.jpg');
insert into COMMENTARY_ENTITY (id, message, update_commentary, post_id, id_author, author, author_file) values (47, 'Phasellus sit amet erat. Nulla tempus. Vivamus in felis eu sapien cursus vestibulum.', CURRENT_TIMESTAMP, 38, CAST('7495ac21-9cef-4655-a816-29a1eee80841'AS VARCHAR(36)), 'alejandro', 'alejandro.jpg');
insert into COMMENTARY_ENTITY (id, message, update_commentary, post_id, id_author, author, author_file) values (48, 'Morbi non lectus. Aliquam sit amet diam in magna bibendum imperdiet. Nullam orci pede, venenatis non, sodales sed, tincidunt eu, felis.', CURRENT_TIMESTAMP, 6, CAST('7495ac21-9cef-4655-a816-29a1eee80841'AS VARCHAR(36)), 'alejandro', 'alejandro.jpg');
insert into COMMENTARY_ENTITY (id, message, update_commentary, post_id, id_author, author, author_file) values (49, 'Duis bibendum. Morbi non quam nec dui luctus rutrum. Nulla tellus.', CURRENT_TIMESTAMP, 7, CAST('681903b4-dc43-43c2-942c-86b81b15d1fc'AS VARCHAR(36)), 'marta', 'marta.jpg');
insert into COMMENTARY_ENTITY (id, message, update_commentary, post_id, id_author, author, author_file) values (50, 'Praesent blandit. Nam nulla. Integer pede justo, lacinia eget, tincidunt eget, tempus vel, pede.', CURRENT_TIMESTAMP, 19, CAST('681903b4-dc43-43c2-942c-86b81b15d1fc'AS VARCHAR(36)), 'marta', 'marta.jpg');
insert into COMMENTARY_ENTITY (id, message, update_commentary, post_id, id_author, author, author_file) values (51, 'Nulla ut erat id mauris vulputate elementum. Nullam varius. Nulla facilisi.', CURRENT_TIMESTAMP, 34, CAST('681903b4-dc43-43c2-942c-86b81b15d1fc'AS VARCHAR(36)), 'marta', 'marta.jpg');
insert into COMMENTARY_ENTITY (id, message, update_commentary, post_id, id_author, author, author_file) values (52, 'Aenean fermentum. Donec ut mauris eget massa tempor convallis. Nulla neque libero, convallis eget, eleifend luctus, ultricies eu, nibh.', CURRENT_TIMESTAMP, 1, CAST('681903b4-dc43-43c2-942c-86b81b15d1fc'AS VARCHAR(36)), 'marta', 'marta.jpg');
insert into COMMENTARY_ENTITY (id, message, update_commentary, post_id, id_author, author, author_file) values (53, 'Integer tincidunt ante vel ipsum. Praesent blandit lacinia erat. Vestibulum sed magna at nunc commodo placerat.', CURRENT_TIMESTAMP, 5, CAST('681903b4-dc43-43c2-942c-86b81b15d1fc'AS VARCHAR(36)), 'marta', 'marta.jpg');
insert into COMMENTARY_ENTITY (id, message, update_commentary, post_id, id_author, author, author_file) values (54, 'Morbi non lectus. Aliquam sit amet diam in magna bibendum imperdiet. Nullam orci pede, venenatis non, sodales sed, tincidunt eu, felis.', CURRENT_TIMESTAMP, 7, CAST('681903b4-dc43-43c2-942c-86b81b15d1fc'AS VARCHAR(36)), 'marta', 'marta.jpg');
insert into COMMENTARY_ENTITY (id, message, update_commentary, post_id, id_author, author, author_file) values (55, 'Maecenas tristique, est et tempus semper, est quam pharetra magna, ac consequat metus sapien ut nunc. Vestibulum ante ipsum primis in faucibus orci luctus et ultrices posuere cubilia Curae; Mauris viverra diam vitae quam. Suspendisse potenti.', CURRENT_TIMESTAMP, 21, CAST('681903b4-dc43-43c2-942c-86b81b15d1fc'AS VARCHAR(36)), 'marta', 'marta.jpg');
insert into COMMENTARY_ENTITY (id, message, update_commentary, post_id, id_author, author, author_file) values (56, 'Mauris enim leo, rhoncus sed, vestibulum sit amet, cursus id, turpis. Integer aliquet, massa id lobortis convallis, tortor risus dapibus augue, vel accumsan tellus nisi eu orci. Mauris lacinia sapien quis libero.', CURRENT_TIMESTAMP, 36, CAST('29c20744-5d02-47c1-ad04-b59362410dbc'AS VARCHAR(36)), 'david', 'david.jpg');
insert into COMMENTARY_ENTITY (id, message, update_commentary, post_id, id_author, author, author_file) values (57, 'Fusce posuere felis sed lacus. Morbi sem mauris, laoreet ut, rhoncus aliquet, pulvinar sed, nisl. Nunc rhoncus dui vel sem.', CURRENT_TIMESTAMP, 26, CAST('29c20744-5d02-47c1-ad04-b59362410dbc'AS VARCHAR(36)), 'david', 'david.jpg');
insert into COMMENTARY_ENTITY (id, message, update_commentary, post_id, id_author, author, author_file) values (58, 'Phasellus in felis. Donec semper sapien a libero. Nam dui.', CURRENT_TIMESTAMP, 27, CAST('29c20744-5d02-47c1-ad04-b59362410dbc'AS VARCHAR(36)), 'david', 'david.jpg');
insert into COMMENTARY_ENTITY (id, message, update_commentary, post_id, id_author, author, author_file) values (59, 'Curabitur in libero ut massa volutpat convallis. Morbi odio odio, elementum eu, interdum eu, tincidunt in, leo. Maecenas pulvinar lobortis est.', CURRENT_TIMESTAMP, 4, CAST('29c20744-5d02-47c1-ad04-b59362410dbc'AS VARCHAR(36)), 'david', 'david.jpg');
insert into COMMENTARY_ENTITY (id, message, update_commentary, post_id, id_author, author, author_file) values (60, 'Integer tincidunt ante vel ipsum. Praesent blandit lacinia erat. Vestibulum sed magna at nunc commodo placerat.', CURRENT_TIMESTAMP, 24, CAST('bf499bac-ea4f-4fd8-9841-2435983b8b98'AS VARCHAR(36)), 'carmen', 'carmen.jpg');
insert into COMMENTARY_ENTITY (id, message, update_commentary, post_id, id_author, author, author_file) values (61, 'Duis bibendum. Morbi non quam nec dui luctus rutrum. Nulla tellus.', CURRENT_TIMESTAMP, 36, CAST('bf499bac-ea4f-4fd8-9841-2435983b8b98'AS VARCHAR(36)), 'carmen', 'carmen.jpg');
insert into COMMENTARY_ENTITY (id, message, update_commentary, post_id, id_author, author, author_file) values (62, 'Lorem ipsum dolor sit amet, consectetuer adipiscing elit. Proin risus. Praesent lectus.', CURRENT_TIMESTAMP, 36, CAST('fee98ab6-9a10-470e-ae9b-6c03b93e80e1' AS VARCHAR(36)), 'sergio', 'sergio.jpg');
insert into COMMENTARY_ENTITY (id, message, update_commentary, post_id, id_author, author, author_file) values (63, 'Quisque id justo sit amet sapien dignissim vestibulum. Vestibulum ante ipsum primis in faucibus orci luctus et ultrices posuere cubilia Curae; Nulla dapibus dolor vel est. Donec odio justo, sollicitudin ut, suscipit a, feugiat et, eros.', CURRENT_TIMESTAMP, 22, CAST('fee98ab6-9a10-470e-ae9b-6c03b93e80e1'AS VARCHAR(36)), 'sergio', 'sergio.jpg');
insert into COMMENTARY_ENTITY (id, message, update_commentary, post_id, id_author, author, author_file) values (64, 'Vestibulum ac est lacinia nisi venenatis tristique. Fusce congue, diam id ornare imperdiet, sapien urna pretium nisl, ut volutpat sapien arcu sed augue. Aliquam erat volutpat.', CURRENT_TIMESTAMP, 22, CAST('bf499bac-ea4f-4fd8-9841-2435983b8b98'AS VARCHAR(36)), 'carmen', 'carmen.jpg');
insert into COMMENTARY_ENTITY (id, message, update_commentary, post_id, id_author, author, author_file) values (65, 'Sed sagittis. Nam congue, risus semper porta volutpat, quam pede lobortis ligula, sit amet eleifend pede libero quis orci. Nullam molestie nibh in lectus.', CURRENT_TIMESTAMP, 28, CAST('bf499bac-ea4f-4fd8-9841-2435983b8b98'AS VARCHAR(36)), 'carmen', 'carmen.jpg');
insert into COMMENTARY_ENTITY (id, message, update_commentary, post_id, id_author, author, author_file) values (66, 'In congue. Etiam justo. Etiam pretium iaculis justo.', CURRENT_TIMESTAMP, 34, CAST('fee98ab6-9a10-470e-ae9b-6c03b93e80e1'AS VARCHAR(36)), 'sergio', 'sergio.jpg');
insert into COMMENTARY_ENTITY (id, message, update_commentary, post_id, id_author, author, author_file) values (67, 'Cras mi pede, malesuada in, imperdiet et, commodo vulputate, justo. In blandit ultrices enim. Lorem ipsum dolor sit amet, consectetuer adipiscing elit.', CURRENT_TIMESTAMP, 29, CAST('fee98ab6-9a10-470e-ae9b-6c03b93e80e1'AS VARCHAR(36)), 'sergio', 'sergio.jpg');
insert into COMMENTARY_ENTITY (id, message, update_commentary, post_id, id_author, author, author_file) values (68, 'Fusce posuere felis sed lacus. Morbi sem mauris, laoreet ut, rhoncus aliquet, pulvinar sed, nisl. Nunc rhoncus dui vel sem.', CURRENT_TIMESTAMP, 35, CAST('fee98ab6-9a10-470e-ae9b-6c03b93e80e1'AS VARCHAR(36)), 'sergio', 'sergio.jpg');
insert into COMMENTARY_ENTITY (id, message, update_commentary, post_id, id_author, author, author_file) values (69, 'Vestibulum ac est lacinia nisi venenatis tristique. Fusce congue, diam id ornare imperdiet, sapien urna pretium nisl, ut volutpat sapien arcu sed augue. Aliquam erat volutpat.', CURRENT_TIMESTAMP, 18, CAST('fee98ab6-9a10-470e-ae9b-6c03b93e80e1'AS VARCHAR(36)), 'sergio', 'sergio.jpg');
insert into COMMENTARY_ENTITY (id, message, update_commentary, post_id, id_author, author, author_file) values (70, 'Praesent blandit. Nam nulla. Integer pede justo, lacinia eget, tincidunt eget, tempus vel, pede.', CURRENT_TIMESTAMP, 37, CAST('fee98ab6-9a10-470e-ae9b-6c03b93e80e1' AS VARCHAR(36)), 'sergio', 'sergio.jpg');

alter sequence hibernate_sequence restart with 1000;